,name,wcont,latitude,longitude,subpop,densityB,densityK,densityC,reference,fishingB,fishingK,fishingC
1,Shompen,EURASIA,7,93.77,n,39.536999999999999,NA,39.537,Binford 2001,35,NA,35
2,Onge,EURASIA,10.7,92.47,n,40.100000000000001,86,63.05,"Binford 2001, Kelly 2013",45,40,42.5
3,Jarwa,EURASIA,11.81,92.64,n,44.649999999999999,NA,44.65,Binford 2001,30,NA,30
4,Andamanese_North,EURASIA,13.32,92.89,n,33.380000000000003,NA,33.38,Binford 2001,5,NA,5
5,Ainu_(Hokkaido),EURASIA,44.01,144.17,n,34.799999999999997,NA,34.8,"Binford 2001, Kelly 2013",75,40,57.5
6,Ket_(Yenisei-Ostyak),EURASIA,62,90,n,1.6399999999999999,NA,1.64,Binford 2001,50,NA,50
7,Gilyak,EURASIA,51.54,140,n,19.309999999999999,19.199999999999999,19.255,"Binford 2001, Kelly 2013",85,50,67.5
8,Yukaghir,EURASIA,70,145,n,0.60999999999999999,0.5,0.555,"Binford 2001, Kelly 2013",40,40,40
9,Nganasan,EURASIA,73.83,90,n,0.46000000000000002,NA,0.46,Binford 2001,44,NA,44
10,Siberian_Eskimo,EURASIA,65.96,170.08,n,4.7000000000000002,NA,4.7,Binford 2001,69,NA,69
11,Paraujano,SOAM,9.9,-72.41,n,35,NA,35,Binford 2001,60,NA,60
12,Akuriyo,SOAM,3,-55,n,7.04,NA,7.04,Binford 2001,5,NA,5
13,Nukak (Macu),SOAM,2.56,-71.81,n,9.3399999999999999,NA,9.34,"Binford 2001, Kelly 2013",13,13,13
14,Calusa,NOAM,26.5,-82,n,38.729999999999997,NA,38.73,Binford 2001,65,NA,65
15,Heta,SOAM,-23.52,-53.68,n,9.5999999999999996,NA,9.6,Binford 2001,10,NA,10
16,Tehuelche,SOAM,-46,-68.7,n,1.8899999999999999,NA,1.89,Binford 2001,5,NA,5
17,Chono,SOAM,-45,-73.83,n,13.640000000000001,NA,13.64,Binford 2001,75,NA,75
18,Alacaluf,SOAM,-49.55,-74.52,n,14.98,NA,14.98,"Binford 2001, Kelly 2013",75,70,72.5
19,Ona-(Selknam),SOAM,-53.9,-68.62,n,7.2699999999999996,NA,7.27,"Binford 2001, Kelly 2013",20,20,20
20,Yaghan,SOAM,-54.76,-69.94,n,28.420000000000002,4.7999999999999998,16.61,"Binford 2001, Kelly 2013",70,NA,70
21,Hukwe,AFR,-16.93,24.32,n,2.8999999999999999,NA,2.9,Binford 2001,5,NA,5
22,Hadza_(Kindiga),AFR,-3.82,35.32,n,24,19.5,21.75,"Binford 2001, Kelly 2013",0,0,0
23,!Kung-Nyae_Nyae_&_Dobe,AFR,-20,21.18,n,6.5999999999999996,13,9.8,"Binford 2001, Kelly 2013",0,NA,0
24,Gwi,AFR,-22.46,23.39,n,2.9300000000000002,8,5.465,"Binford 2001, Kelly 2013",0,0,0
25,!Ko,AFR,-23.86,22.2,n,1.03,NA,1.03,Binford 2001,0,NA,0
26,Auni-Khomani,AFR,-27.37,19.82,n,0.64000000000000001,NA,0.64,Binford 2001,0,NA,0
27,Xam,AFR,-31.47,19.77,n,2.4300000000000002,NA,2.43,Binford 2001,0,NA,0
28,Larikia-No-Territory,AUS,-12.6,130.78,n,40,NA,40,Binford 2001,65,NA,65
29,Anbarra-No-Territory,AUS,-12.2,134.73,n,43.700000000000003,43,43.35,"Binford 2001, Kelly 2013",55,65,60
30,Murngin_(Yolngu)no-Terr,AUS,-12.93,135.84,n,11.76,5,8.38,"Binford 2001, Kelly 2013",10,20,15
31,Jeidji-Forest-R-W-Aust,AUS,-15.55,128.19,n,17,NA,17,Binford 2001,25,NA,25
32,Wikmunkun-Queensland,AUS,-13.47,142,n,19.309999999999999,18.699999999999999,19.005,"Binford 2001, Kelly 2013",20,20,20
33,Kakadu-No-Territory,AUS,-13.13,132.95,n,8.8000000000000007,NA,8.8,Binford 2001,25,NA,25
34,Nunggubuyu-No-Territory,AUS,-13.76,135.98,n,23,NA,23,Binford 2001,60,NA,60
35,Yintjingga-Queensland,AUS,-14,143.5,n,31,NA,31,Binford 2001,75,NA,75
36,Yir-Yoront-Queensland,AUS,-15,142.17,n,8,16,12,"Binford 2001, Kelly 2013",10,NA,10
37,Tiwi-No-Territory,AUS,-11.59,130.87,n,37.5,NA,37.5,"Binford 2001, Kelly 2013",35,20,27.5
38,Kuku-Yalanji-Queensland,AUS,-15.92,145.32,n,50,NA,50,Binford 2001,55,NA,55
39,Groote_Eylandt-No-Terr,AUS,-14,136.62,n,22.899999999999999,11.5,17.2,"Binford 2001, Kelly 2013",60,60,60
40,Walmbaria-Queensland,AUS,-14.34,144.22,n,58,NA,58,Binford 2001,70,NA,70
41,Mulluk-No-Terr-Daly-Riv,AUS,-13.58,130.58,n,45,NA,45,Binford 2001,60,NA,60
42,Worora-West-Australia,AUS,-15.73,124.98,n,11,2,6.5,"Binford 2001, Kelly 2013",10,NA,10
43,Lungga-West-Australia,AUS,-16.91,127.83,n,4.5,NA,4.5,Binford 2001,5,NA,5
44,Lardil-Queensland,AUS,-16.56,139.32,n,30,NA,30,Binford 2001,60,NA,60
45,Kaiadilt-Queensland,AUS,-17.06,139.49,n,66,NA,66,Binford 2001,80,NA,80
46,Karadjeri-West-Australia,AUS,-18.79,122.31,n,3.75,NA,3.75,Binford 2001,5,NA,5
47,Kariera-West-Australia,AUS,-20.88,118.27,n,9.5,7.5999999999999996,8.55,"Binford 2001, Kelly 2013",35,20,27.5
48,Warungu-Queensland,AUS,-18.41,145.61,n,16.280000000000001,NA,16.28,Binford 2001,34,NA,34
49,Djaru-West-Australia,AUS,-19.16,130,n,3.98,NA,3.98,Binford 2001,5,NA,5
50,Walbiri-No-Territory,AUS,-20,130.57,n,1.1599999999999999,1,1.08,"Binford 2001, Kelly 2013",0,0,0
51,Mardudjara-West-Austral,AUS,-22.79,125.06,n,0.75,0.60000000000000009,0.675,"Binford 2001, Kelly 2013",0,NA,0
52,Ildawongga-West-Austral,AUS,-22.93,127.18,n,0.45000000000000001,NA,0.45,Binford 2001,0,NA,0
53,Pintubi-No-Territory,AUS,-22.86,129.44,n,1.5,0.5,1,"Binford 2001, Kelly 2013",0,NA,0
54,Undambi-Queensland,AUS,-26.7,153.07,n,21.739999999999998,NA,21.74,Binford 2001,85,NA,85
55,Jinibarra-Queensland,AUS,-27.25,152.87,n,16,NA,16,Binford 2001,15,NA,15
56,Karuwali-Queensland,AUS,-24.41,141.64,n,2,NA,2,Binford 2001,0,NA,0
57,Alyawara-No-Territory,AUS,-22.27,135.17,n,1.21,2.5,1.855,"Binford 2001, Kelly 2013",0,NA,0
58,Ngatatjara-West-Austral,AUS,-25.32,127.27,n,0.40000000000000002,NA,0.4,Binford 2001,0,NA,0
59,Badjalang-Ns-Wales,AUS,-29.59,152.78,n,13.4,NA,13.4,Binford 2001,40,NA,40
60,Pitjandjara-Nt&so-Aust,AUS,-26,130,n,0.60000000000000009,NA,0.6,Binford 2001,0,NA,0
61,Dieri-South-Australia,AUS,-28.54,139.09,n,1.9300000000000002,1.8999999999999999,1.915,"Binford 2001, Kelly 2013",20,0,10
62,So-Arenda-Nt&so-Austral,AUS,-26.09,135.52,n,1.1000000000000001,NA,1.1,Binford 2001,5,NA,5
63,Jankundjara-So.Australia,AUS,-27,131.95,n,1,NA,1,Binford 2001,0,NA,0
64,No-Arenda-No-Territory,AUS,-23.7,133.76,n,2.6600000000000001,NA,2.66,Binford 2001,0,NA,0
65,Ualarai-Ns-Wales,AUS,-29.3,147.25,n,9,NA,9,Binford 2001,20,NA,20
66,Nakako-West-Australia,AUS,-27.31,128.19,n,0.87,NA,0.87,Binford 2001,5,NA,5
67,Barkindji-Ns-Wales,AUS,-32.4,142.25,n,15.43,NA,15.43,Binford 2001,35,NA,35
68,Kaurna-So-Australia,AUS,-34.56,138.4,n,18,NA,18,Binford 2001,35,NA,35
69,Wongaibon-Ns-Wales,AUS,-32.14,146.09,n,5.1200000000000001,19,12.06,"Binford 2001, Kelly 2013",25,NA,25
70,Jaralde-So-Australia,AUS,-35.06,139.29,n,40,NA,40,Binford 2001,40,NA,40
71,Mineng-West-Australia,AUS,-34.95,117.81,n,7,NA,7,Binford 2001,30,NA,30
72,Tjapwurong-Sw-Victoria,AUS,-35.86,141.38,n,35,NA,35,Binford 2001,45,NA,45
73,Bunurong,AUS,-38.4,145.87,n,25.039999999999999,NA,25.04,Binford 2001,40,NA,40
74,Kurnai-Bratauolung,AUS,-37.59,147.42,n,17.699999999999999,NA,17.7,Binford 2001,25,NA,25
75,Tasmanians-Oyster-Bay,AUS,-42.62,147.49,n,8.1699999999999999,8,8.085,"Binford 2001, Kelly 2013",40,NA,40
76,Tasmanians-N_West_Coast,AUS,-41.38,145.21,n,13.35,14.5,13.925,"Binford 2001, Kelly 2013",60,NA,60
77,Seri,NOAM,29.59,-112.18,n,25.48,5,15.24,"Binford 2001, Kelly 2013",60,50,55
78,Kiliwa,NOAM,31.44,-115.25,n,12.25,33.399999999999999,22.825,"Binford 2001, Kelly 2013",30,NA,30
79,Diegueno_(Southern),NOAM,32.44,-116.49,n,18.100000000000001,18.100000000000001,18.1,"Binford 2001, Kelly 2013",20,10,15
80,Lake_Yokuts,NOAM,36,-119.83,n,38.100000000000001,38.100000000000001,38.1,"Binford 2001, Kelly 2013",30,NA,30
81,Serrano,NOAM,34.52,-117,n,17.579999999999998,39,28.29,"Binford 2001, Kelly 2013",0,NA,0
82,Luiseno,NOAM,33.42,-117.3,n,67.900000000000006,148,107.95,"Binford 2001, Kelly 2013",25,20,22.5
83,Wukchumi,NOAM,36.45,-118.96,n,24.210000000000001,NA,24.21,Binford 2001,15,NA,15
84,Tubatulabal,NOAM,36,-118.32,n,17.199999999999999,30,23.6,"Binford 2001, Kelly 2013",15,20,17.5
85,Nomlaki-Western_Wintun,NOAM,40,-122.56,n,35,71,53,"Binford 2001, Kelly 2013",10,NA,10
86,Yokuts-(N.Foothills),NOAM,37.44,-120.44,n,38.289999999999999,237,137.645,"Binford 2001, Kelly 2013",25,NA,25
87,Patwin-So.Hill_Wintun,NOAM,39.08,-122.05,n,82,62.5,72.25,"Binford 2001, Kelly 2013",20,NA,20
88,Gabrieleno,NOAM,34,-118,n,64.900000000000006,NA,64.9,Binford 2001,50,NA,50
89,Monachi-Southern,NOAM,36.6,-117.08,n,28.699999999999999,190,109.35,"Binford 2001, Kelly 2013",20,NA,20
90,Eastern_Pomo,NOAM,39.03,-122.94,n,127,414.5,270.75,"Binford 2001, Kelly 2013",25,NA,25
91,Pomo-Clear Lake-S.East,NOAM,39.12,-122.94,n,308.69999999999999,431,369.85,"Binford 2001, Kelly 2013",25,NA,25
92,Wintu-No.Eastern_Wintun,NOAM,40.9,-122.35,n,58.82,281,169.91,"Binford 2001, Kelly 2013",40,40,40
93,Chumash_(St.Barbara_Ca),NOAM,34.63,-119.6,n,118.2,871.5,494.85,"Binford 2001, Kelly 2013",70,NA,70
94,Chimariko,NOAM,40.85,-123.3,n,50,34.100000000000001,42.05,"Binford 2001, Kelly 2013",40,NA,40
95,Nisenan-So._Maidu,NOAM,39.03,-121.15,n,39.75,NA,39.75,Binford 2001,20,NA,20
96,Salinan,NOAM,35.47,-120.84,n,37.399999999999999,NA,37.4,Binford 2001,30,NA,30
97,South_Pomo-(Santa_Rosa),NOAM,38.54,-122.88,n,110.8,NA,110.8,Binford 2001,40,NA,40
98,Sinkyone,NOAM,40.1,-123.96,n,136.44,270,203.22,"Binford 2001, Kelly 2013",45,30,37.5
99,Lassik,NOAM,40.18,-123.16,n,97.200000000000003,140,118.6,"Binford 2001, Kelly 2013",35,NA,35
100,Coast_Miwok,NOAM,38.24,-122.88,n,53.57,NA,53.57,Binford 2001,50,NA,50
101,Mattole,NOAM,40.17,-124.04,n,116.40000000000001,210,163.2,"Binford 2001, Kelly 2013",50,NA,50
102,Lake_Miwok,NOAM,38.79,-122.48,n,65,180,122.5,"Binford 2001, Kelly 2013",30,NA,30
103,Yuki_(Proper),NOAM,39.7,-123.15,n,131.59999999999999,232,181.8,"Binford 2001, Kelly 2013",35,NA,35
104,Wappo,NOAM,38.59,-122.54,n,120.59999999999999,163,141.8,"Binford 2001, Kelly 2013",30,NA,30
105,North_Pomo_(Kalekau),NOAM,39.34,-123.29,n,108.40000000000001,232,170.2,"Binford 2001, Kelly 2013",30,NA,30
106,Yana_(Northern),NOAM,40.38,-122.89,n,31.300000000000001,35,33.15,"Binford 2001, Kelly 2013",30,NA,30
107,Miwok_(Sierra),NOAM,38,-122.77,n,24.539999999999999,55,39.77,"Binford 2001, Kelly 2013",10,NA,10
108,Tekelma,NOAM,42.44,-123.48,n,12.85,NA,12.85,Binford 2001,45,NA,45
109,Coast_Yuki,NOAM,39.64,-123.74,n,66.959999999999994,166,116.48,"Binford 2001, Kelly 2013",60,40,50
110,Tolowa,NOAM,41.87,-123.92,n,122,138,130,"Binford 2001, Kelly 2013",65,40,52.5
111,Shasta-(Eastern),NOAM,41.62,-122.7,n,25,74,49.5,"Binford 2001, Kelly 2013",30,30,30
112,Hupa,NOAM,40.93,-123.61,n,80,197,138.5,"Binford 2001, Kelly 2013",55,NA,55
113,Tututni-Coastal,NOAM,42.61,-124.04,n,67.069999999999993,NA,67.07,Binford 2001,60,NA,60
114,Karok,NOAM,41.58,-123.47,n,46.899999999999999,98.5,72.7,"Binford 2001, Kelly 2013",55,NA,55
115,Atsugewi,NOAM,40.75,-121.12,n,17.93,45,31.465,"Binford 2001, Kelly 2013",25,30,27.5
116,Wiyot,NOAM,40.75,-124.14,n,107.93000000000001,266.5,187.215,"Binford 2001, Kelly 2013",65,NA,65
117,Maidu_(Mt.),NOAM,40.28,-120.56,n,23.5,103,63.25,"Binford 2001, Kelly 2013",20,20,20
118,Yurok,NOAM,41.4,-123.89,n,131,180,155.5,"Binford 2001, Kelly 2013",70,50,60
119,Achomawi_(Western),NOAM,41.32,-121.19,n,17.25,17.5,17.375,"Binford 2001, Kelly 2013",30,30,30
120,Modoc,NOAM,42,-121.31,n,22.890000000000001,4.7999999999999998,13.845,"Binford 2001, Kelly 2013",25,20,22.5
121,Klamath,NOAM,42.62,-121.5,n,13.359999999999999,25,19.18,"Binford 2001, Kelly 2013",50,50,50
122,Guaicura,NOAM,25,-111.54,n,6,NA,6,Binford 2001,15,NA,15
123,Chichimec,NOAM,22,-100,n,9,NA,9,Binford 2001,15,NA,15
124,Shoshoni-Death_Valley,NOAM,36.52,-116.81,n,1.29,NA,1.29,Binford 2001,0,NA,0
125,Karankawa,NOAM,28.44,-96.91,n,21,30.5,25.75,"Binford 2001, Kelly 2013",55,30,42.5
126,Coahuilenos,NOAM,26,-102.07,n,1.6800000000000002,NA,1.68,Binford 2001,5,NA,5
127,Panamint,NOAM,36.37,-117.33,n,2.1200000000000001,2.1000000000000001,2.11,"Binford 2001, Kelly 2013",0,0,0
128,Koso_Mt.-Little_Lake,NOAM,36.12,-117.7,n,8.5700000000000003,NA,8.57,Binford 2001,0,NA,0
129,Kawaiisu,NOAM,35.37,-118,n,11.9,11.9,11.9,"Binford 2001, Kelly 2013",0,20,10
130,Saline_Valley,NOAM,36.65,-117.79,n,2.3199999999999998,NA,2.32,Binford 2001,0,NA,0
131,Antarianunts-So.Paiute,NOAM,37.86,-110.72,n,3.4500000000000002,NA,3.45,Binford 2001,15,NA,15
132,East_Monoowens_Valley,NOAM,36.88,-118.18,n,38.039999999999999,19,28.52,"Binford 2001, Kelly 2013",5,NA,5
133,Kawich_Mountains,NOAM,37.92,-116.45,n,1.99,1.8999999999999999,1.945,"Binford 2001, Kelly 2013",0,NA,0
134,Kaibab,NOAM,36.9,-112.55,n,3.71,3.5,3.605,"Binford 2001, Kelly 2013",0,0,0
135,Mono_Lake-(Kuzedika),NOAM,38.11,-118.85,n,5.9000000000000004,40.899999999999999,23.4,"Binford 2001, Kelly 2013",7,NA,7
136,Deep_Springs,NOAM,37.28,-118,n,3.54,NA,3.54,Binford 2001,0,NA,0
137,Salmon_Eater_Shoshoni,NOAM,42.94,-115.3,n,6.9000000000000004,NA,6.9,Binford 2001,20,NA,20
138,Kuyuidokado-Pyramid_Lk,NOAM,40,-119.6,n,18.530000000000001,18,18.265,"Binford 2001, Kelly 2013",30,30,30
139,Ute-Timpanogas,NOAM,40.22,-111.81,n,3.4700000000000002,10.35,6.91,"Binford 2001, Kelly 2013",30,25,27.5
140,Cattail_Eater_Paiute,NOAM,40.12,-118.7,n,22,NA,22,Binford 2001,20,NA,20
141,Fish_Lake-Paiute,NOAM,37.69,-118.14,n,3.8900000000000001,NA,3.89,Binford 2001,20,NA,20
142,No.Paiute-Honey_Lake,NOAM,40.27,-120.44,n,10.6,NA,10.6,Binford 2001,10,NA,10
143,Hukundika_Shoshone,NOAM,41.55,-112.22,n,2.96,NA,2.96,Binford 2001,20,NA,20
144,Gosiute_(Deep_Creek),NOAM,39.88,-114,n,1.6699999999999999,1.5,1.585,"Binford 2001, Kelly 2013",10,10,10
145,Spring_Valley-Shoshoni,NOAM,39.19,-114.48,n,6.0899999999999999,NA,6.09,Binford 2001,0,NA,0
146,White_Knife-Shoshone,NOAM,41,-117.31,n,11.710000000000001,15,13.355,"Binford 2001, Kelly 2013",15,NA,15
147,Shoshoni-Railroad_Valley,NOAM,38.33,-115.78,n,4.2800000000000002,NA,4.28,Binford 2001,0,NA,0
148,Reese_River,NOAM,39.25,-117.32,n,16.699999999999999,10,13.35,"Binford 2001, Kelly 2013",15,NA,15
149,Mono-North_Fork,NOAM,37,-119.07,n,16.039999999999999,NA,16.04,Binford 2001,15,NA,15
150,Grouse_Creek,NOAM,41.59,-113.94,n,1.6399999999999999,NA,1.64,Binford 2001,15,NA,15
151,South_Ute_(Wimonantci),NOAM,37.67,-109,n,2.6000000000000001,NA,2.6,Binford 2001,10,NA,10
152,No._Paiute-Bear_Creek_Or,NOAM,43.94,-120.49,n,1.1000000000000001,NA,1.1,Binford 2001,5,NA,5
153,Shoshoni-Antelope_Valley,NOAM,40.19,-114.24,n,1.1299999999999999,NA,1.13,Binford 2001,10,NA,10
154,Washo,NOAM,39.08,-119.82,n,14.9,28,21.45,"Binford 2001, Kelly 2013",15,30,22.5
155,Kidutokado-Suprise_Val,NOAM,41.5,-120.06,n,13.59,1.1000000000000001,7.345,"Binford 2001, Kelly 2013",20,30,25
156,Wind_River-Shoshone,NOAM,43.19,-108.86,n,1.8700000000000001,1,1.435,"Binford 2001, Kelly 2013",15,20,17.5
157,Wadadika-Ruby_Valley,NOAM,40.36,-115.39,n,13.789999999999999,13.4,13.595,"Binford 2001, Kelly 2013",8,20,14
158,Bohogue-Shoshone-East,NOAM,43,-112,n,1.04,NA,1.04,Binford 2001,15,NA,15
159,Uintah-(Ute),NOAM,40.47,-110.22,n,7.4800000000000004,NA,7.48,"Binford 2001, Kelly 2013",25,NA,25
160,Wadadokado-Harney_Val,NOAM,43.25,-119.14,n,1.24,NA,1.24,Binford 2001,20,NA,20
161,Agaiduka_(Lemhi_River),NOAM,45.17,-113.84,n,6.2400000000000002,2.75,4.495,"Binford 2001, Kelly 2013",25,40,32.5
162,Shoshoni-Little_Smoky,NOAM,39.33,-115.84,n,1.8220000000000001,NA,1.822,Binford 2001,0,NA,0
163,Uncompahgre-(Ute),NOAM,38.14,-107.8,n,4.29,NA,4.29,"Binford 2001, Kelly 2013",15,15,15
164,Comanche,NOAM,36.83,-100.5,n,2.3300000000000001,5,3.665,"Binford 2001, Kelly 2013",0,0,0
165,Kiowa-Apache,NOAM,36.9,-99.1,n,1.3999999999999999,1.3999999999999999,1.4,"Binford 2001, Kelly 2013",0,0,0
166,Kiowa,NOAM,35.83,-98.9,n,4.1399999999999997,1.3999999999999999,2.77,Binford 2001,0,NA,0
167,Cheyenne,NOAM,38.83,-102.35,n,4.8200000000000003,3,3.91,"Binford 2001, Kelly 2013",5,0,2.5
168,Arapaho,NOAM,40.13,-102.72,n,7.5,3,5.25,"Binford 2001, Kelly 2013",0,NA,0
169,Crow,NOAM,45.83,-108.48,n,5.8099999999999996,2.6000000000000001,4.205,"Binford 2001, Kelly 2013",0,0,0
170,Teton_Sioux,NOAM,44.5,-102.27,n,8.7699999999999996,NA,8.77,Binford 2001,0,NA,0
171,Kutenai_(Lower),NOAM,47.48,-114.08,n,2.0099999999999998,2,2.005,"Binford 2001, Kelly 2013",40,NA,40
172,Bannock_(Eastern),NOAM,43.66,-112.32,n,2.3100000000000001,1.3100000000000001,1.81,"Binford 2001, Kelly 2013",20,NA,20
173,Gros_Ventre,NOAM,48.12,-105.6,n,3.3700000000000001,NA,3.37,Binford 2001,0,NA,0
174,Bungi_(Plains_Ojibwa),NOAM,47.6,-97.25,n,2.79,NA,2.79,Binford 2001,15,NA,15
175,Piegan-(Pikuni),NOAM,49.34,-111.21,n,2.54,NA,2.54,Binford 2001,0,NA,0
176,Blackfoot,NOAM,51.01,-110.76,n,3.46,4.2999999999999998,3.88,"Binford 2001, Kelly 2013",5,0,2.5
177,Assiniboin,NOAM,49.49,-102.43,n,3.21,5.7999999999999998,4.505,"Binford 2001, Kelly 2013",10,10,10
178,Plains_Cree,NOAM,51.86,-102.67,n,2.73,1.8999999999999999,2.315,"Binford 2001, Kelly 2013",15,NA,15
179,Blood_(Kainah),NOAM,52.79,-113.86,n,4.4400000000000004,NA,4.44,Binford 2001,5,NA,5
180,Sarsi,NOAM,53.15,-111.04,n,1.75,NA,1.75,"Binford 2001, Kelly 2013",8,0,4
181,Squamish,NOAM,49.77,-123.19,n,56.5,NA,56.5,"Binford 2001, Kelly 2013",60,NA,60
182,Alsea,NOAM,44.42,-123.84,n,96.799999999999997,73,84.9,"Binford 2001, Kelly 2013",75,70,72.5
183,Puyallup,NOAM,47.11,-122.04,n,36.75,195,115.875,"Binford 2001, Kelly 2013",70,50,60
184,Twana,NOAM,47.55,-123.16,n,32.399999999999999,25,28.7,"Binford 2001, Kelly 2013",70,60,65
185,Chehalis,NOAM,46.87,-123.67,n,21.969999999999999,NA,21.97,Binford 2001,65,NA,65
186,Nootka_(Central),NOAM,49.34,-125.74,n,153.90000000000001,71.5,112.7,"Binford 2001, Kelly 2013",95,NA,95
187,Chinook,NOAM,46.06,-123.75,n,33.799999999999997,148.59999999999999,91.2,"Binford 2001, Kelly 2013",75,NA,75
188,Coos,NOAM,43.43,-124.11,n,104.2,NA,104.2,Binford 2001,80,NA,80
189,Lilioot,NOAM,50.46,-123,n,23.5,23.5,23.5,"Binford 2001, Kelly 2013",50,NA,50
190,Lummi,NOAM,48.84,-122.34,n,104.63,NA,104.63,Binford 2001,75,NA,75
191,Quinault,NOAM,47.38,-123.82,n,58.700000000000003,46,52.35,"Binford 2001, Kelly 2013",75,50,62.5
192,Statlo,NOAM,49.23,-122.7,n,66,NA,66,Binford 2001,75,NA,75
193,Cowichan,NOAM,48.41,-123.64,n,34.75,34,34.375,"Binford 2001, Kelly 2013",60,NA,60
194,Tillamook,NOAM,45.4,-123.82,n,41.32,NA,41.32,Binford 2001,45,NA,45
195,Comox,NOAM,50,-125.5,n,55,NA,55,Binford 2001,75,NA,75
196,Bella_Bella,NOAM,52.87,-127.87,n,20.510000000000002,NA,20.51,"Binford 2001, Kelly 2013",70,50,60
197,Quileute,NOAM,47.77,-124.14,n,104.3,64.5,84.4,"Binford 2001, Kelly 2013",75,NA,75
198,Klallam,NOAM,47.95,-123.55,n,70,NA,70,Binford 2001,70,NA,70
199,Makah,NOAM,48.22,-124.58,n,123,86,104.5,"Binford 2001, Kelly 2013",80,60,70
200,Haisla,NOAM,53.5,-128.42,n,19.100000000000001,16,17.55,"Binford 2001, Kelly 2013",55,NA,55
201,Kwakiutl,NOAM,50.42,-126.67,n,68.700000000000003,57,62.85,"Binford 2001, Kelly 2013",85,NA,85
202,Tsimshim,NOAM,54,-129.58,n,41.899999999999999,57.5,49.7,"Binford 2001, Kelly 2013",75,60,67.5
203,Haida,NOAM,53.54,-132.29,n,97.090000000000003,79,88.045,"Binford 2001, Kelly 2013",89,60,74.5
204,Bella_Coola,NOAM,52.32,-126.58,n,13,10,11.5,"Binford 2001, Kelly 2013",70,60,65
205,Tlingit,NOAM,57,-133.59,n,11.42,25,18.21,"Binford 2001, Kelly 2013",84,NA,84
206,Gitksan,NOAM,55.65,-128.06,n,23.579999999999998,NA,23.58,Binford 2001,69,NA,69
207,Konaig,NOAM,57.93,-153.16,n,30.600000000000001,NA,30.6,Binford 2001,94,NA,94
208,Eyak,NOAM,60.48,-144,n,5.8600000000000003,NA,5.86,Binford 2001,89.99,NA,89.99
209,Kuskowagmut,NOAM,61.01,-161.55,n,17.300000000000001,3,10.15,"Binford 2001, Kelly 2013",75,NA,75
210,Chugach_Eskimo,NOAM,61.21,-147.61,n,12.1,18,15.05,"Binford 2001, Kelly 2013",89.99,80,84.995
211,Aleut,NOAM,55,-162.85,n,54.649999999999999,65,59.825,"Binford 2001, Kelly 2013",94,60,77
212,Nunivak,NOAM,60.03,-166.3,n,19.219999999999999,30,24.61,"Binford 2001, Kelly 2013",84,60,72
213,Tenino,NOAM,45.59,-120.45,n,19,18,18.5,"Binford 2001, Kelly 2013",50,50,50
214,Umatiela,NOAM,45.49,-119.94,n,10.5,4.5,7.5,"Binford 2001, Kelly 2013",40,40,40
215,Wanatchi,NOAM,47.41,-120.31,n,50.170000000000002,NA,50.17,Binford 2001,55,NA,55
216,Yakima,NOAM,46.33,-120.27,n,27,NA,27,Binford 2001,45,NA,45
217,Wishram,NOAM,45.72,-121.13,n,231.69999999999999,NA,231.7,Binford 2001,60,NA,60
218,Coeur_Dalene,NOAM,47.42,-116.34,n,1.5,1.5,1.5,"Binford 2001, Kelly 2013",NA,NA,NA
219,Sinkaietk,NOAM,48.78,-119.56,n,14.51,NA,14.51,Binford 2001,60,NA,60
220,Okanagon,NOAM,49.46,-119.63,n,13.27,NA,13.27,Binford 2001,45,NA,45
221,Sanpoil,NOAM,47.94,-118.44,n,11.199999999999999,38,24.6,"Binford 2001, Kelly 2013",40,50,45
222,Nez_Perce,NOAM,46.25,-116.46,n,8.8800000000000008,8.9000000000000004,8.89,"Binford 2001, Kelly 2013",52,40,46
223,Thompson,NOAM,51.26,-121.75,n,33.200000000000003,33.200000000000003,33.2,"Binford 2001, Kelly 2013",55,NA,55
224,Kalispel,NOAM,47.94,-115.67,n,1.5,NA,1.5,Binford 2001,45,NA,45
225,East_Ojibwa_Kitchibuan,NOAM,45.21,-85.105,n,5,NA,5,Binford 2001,NA,NA,NA
226,Katikitegon_Lac_Vieux,NOAM,45,-91,n,3.0899999999999999,NA,3.09,Binford 2001,40,NA,40
227,Micmac_(Souriquois),NOAM,46.99,-65,n,4.3200000000000003,2.2999999999999998,3.31,"Binford 2001, Kelly 2013",35,40,37.5
228,Flathead,NOAM,46.28,-113.26,n,1.5,NA,1.5,"Binford 2001, Kelly 2013",20,30,25
229,Rainy_River-(Emo_Ojibw),NOAM,45.21,-85.1,n,1.21,NA,1.21,Binford 2001,30,NA,30
230,North_Saulteaux-Berens,NOAM,52.28,-96.78,n,1.2,NA,1.2,Binford 2001,30,NA,30
231,Shuswap-(Southeastern),NOAM,53.41,-119.53,n,12.4,9.75,11.075,"Binford 2001, Kelly 2013",55,40,47.5
232,Pekangekum-Ojibwa,NOAM,51.84,-93.85,n,3.0800000000000001,3.2000000000000002,3.14,"Binford 2001, Kelly 2013",30,NA,30
233,Round_Lake_Ojibwa,NOAM,52.71,-90.62,n,1.75,1.7000000000000002,1.725,"Binford 2001, Kelly 2013",20,NA,20
234,Alcatcho,NOAM,51.32,-124.02,n,7.5,NA,7.5,Binford 2001,35,NA,35
235,Ojibwa-Nipigon,NOAM,49.34,-88.31,n,0.87,NA,0.87,Binford 2001,35,NA,35
236,Mistassini_Cree,NOAM,51.75,-72.66,n,0.58000000000000007,NA,0.58,"Binford 2001, Kelly 2013",25.1,30,27.55
237,No.Ojibwa--Albanymoose,NOAM,51.22,-83.1,n,1.4299999999999999,NA,1.43,Binford 2001,35,NA,35
238,Waswanipi-Cree,NOAM,49.78,-76.64,n,0.40999999999999998,0.40000000000000002,0.405,"Binford 2001, Kelly 2013",40,NA,40
239,Ojibwa-Weagamon,NOAM,52.79,-90.64,n,0.51000000000000001,NA,0.51,Binford 2001,35,NA,35
240,Montagnais,NOAM,52.42,-63.33,n,0.40999999999999998,NA,0.41,"Binford 2001, Kelly 2013",40,20,30
241,Sekani,NOAM,56.14,-120,n,0.81999999999999995,1,0.91,"Binford 2001, Kelly 2013",30,NA,30
242,Beaver,NOAM,58.51,-115.76,n,0.51000000000000001,0.5,0.505,"Binford 2001, Kelly 2013",35,NA,35
243,Slave,NOAM,61.15,-119.5,n,1,1.3999999999999999,1.2,"Binford 2001, Kelly 2013",30,40,35
244,Kaska,NOAM,59.73,-125,n,0.90000000000000002,1,0.95,"Binford 2001, Kelly 2013",25,50,37.5
245,Tahltan,NOAM,57.66,-127.85,n,1.1599999999999999,1.1000000000000001,1.13,"Binford 2001, Kelly 2013",30,40,35
246,Chilcotin,NOAM,51.68,-124,n,11.52,13,12.26,"Binford 2001, Kelly 2013",50,50,50
247,Carrier_(Hwitsowitenne),NOAM,53.33,-123.15,n,7.5899999999999999,7.5999999999999996,7.595,"Binford 2001, Kelly 2013",43,40,41.5
248,Mountain,NOAM,63.68,-125.37,n,0.78000000000000003,NA,0.78,Binford 2001,15,NA,15
249,Han_(Yukon_Athabaskan),NOAM,64.79,-141.2,n,1.8,1.6000000000000001,1.7,"Binford 2001, Kelly 2013",20,NA,20
250,Hare,NOAM,67.47,-125,n,0.33000000000000002,0.30000000000000004,0.315,"Binford 2001, Kelly 2013",25,NA,25
251,Attawapiskat_Cree,NOAM,53.62,-83.88,n,1.4299999999999999,1.3999999999999999,1.415,"Binford 2001, Kelly 2013",55,NA,55
252,Koyukon,NOAM,66.52,-153.78,n,1.0900000000000001,NA,1.09,Binford 2001,35,NA,35
253,Chippewyan_(Athabaskan),NOAM,59.47,-106.19,n,0.46000000000000002,0.40000000000000002,0.43,"Binford 2001, Kelly 2013",25,40,32.5
254,Kutchin_Peel_River,NOAM,65.94,-135.23,n,1.7000000000000002,1.1000000000000001,1.4,"Binford 2001, Kelly 2013",33,NA,33
255,Ingalik,NOAM,61.82,-157.75,n,2.71,3.25,2.98,"Binford 2001, Kelly 2013",55,50,52.5
256,Satudene-Bear Lake,NOAM,65.75,-122.89,n,0.55000000000000004,NA,0.55,Binford 2001,20,NA,20
257,Nabesna,NOAM,63.44,-143.12,n,0.77000000000000002,0.60000000000000009,0.685,"Binford 2001, Kelly 2013",57,NA,57
258,Rupert_House-Cree,NOAM,51.08,-77.81,n,0.90000000000000002,NA,0.9,Binford 2001,41,NA,41
259,Dogrib,NOAM,63.85,-115.61,n,0.88,0.60000000000000009,0.74,"Binford 2001, Kelly 2013",31,NA,31
260,Tanaina,NOAM,61.74,-150.45,n,4.8600000000000003,5,4.93,"Binford 2001, Kelly 2013",46,50,48
261,Tutchone,NOAM,61.24,-138.21,n,0.92000000000000004,0.60000000000000009,0.76,"Binford 2001, Kelly 2013",36,45,40.5
262,Holikachuk,NOAM,63.33,-157.54,n,1.52,NA,1.52,Binford 2001,62,NA,62
263,Naskapi,NOAM,56.19,-68.92,n,0.41999999999999998,0.25,0.335,"Binford 2001, Kelly 2013",26,20,23
264,Norton_Sound-Eskimo,NOAM,63.98,-160.75,n,7.6100000000000003,NA,7.61,Binford 2001,84,NA,84
265,Kobuk_Eskimo,NOAM,66.95,-156.94,n,2.6699999999999999,NA,2.67,Binford 2001,36,NA,36
266,Kotzebue_Sound-Eskimo,NOAM,66.77,-161.53,n,6.6299999999999999,11.6,9.115,"Binford 2001, Kelly 2013",78,NA,78
267,Labrador_Eskimo,NOAM,57.81,-62.34,n,2.7799999999999998,2.8500000000000001,2.815,"Binford 2001, Kelly 2013",70.99,NA,70.99
268,Great_Whale-Eskimo,NOAM,55.32,-77.69,n,1.8600000000000001,NA,1.86,Binford 2001,81.9,NA,81.9
269,Caribou_Eskimo,NOAM,64.33,-96.2,n,0.30000000000000004,0.20000000000000001,0.25,"Binford 2001, Kelly 2013",44.9,40,42.45
270,Noatak-Eskimo,NOAM,68.09,-160,n,2.2000000000000002,NA,2.2,Binford 2001,24.9,NA,24.9
271,Nunamiut_Eskimo,NOAM,68.18,-151.71,n,0.95999999999999996,2,1.48,"Binford 2001, Kelly 2013",10.9,10,10.45
272,Mackenzie-Eskimo,NOAM,69.68,-131.7,n,3.8399999999999999,3.5,3.67,"Binford 2001, Kelly 2013",61.9,NA,61.9
273,Sivokamiut_(St_Lawrnce),NOAM,63.49,-170.31,n,15,23,19,"Binford 2001, Kelly 2013",89.9,80,84.95
274,Point_Hope-Eskimo,NOAM,68.37,-166.63,n,4.2000000000000002,NA,4.2,Binford 2001,64.9,NA,64.9
275,Copper_Eskimo,NOAM,68.58,-106.61,n,0.42999999999999999,1.2,0.815,"Binford 2001, Kelly 2013",74.99,60,67.495
276,Utkuhikhalingmiut,NOAM,66.99,-95.18,n,0.38,NA,0.38,Binford 2001,69.9,NA,69.9
277,Aivilingmiut,NOAM,65.16,-88.12,n,0.32000000000000001,NA,0.32,Binford 2001,64.9,NA,64.9
278,Iglulik,NOAM,69.38,-81.6,n,0.54000000000000004,0.5,0.52,"Binford 2001, Kelly 2013",84.99,NA,84.99
279,W._Greenland_Eskimo,NOAM,69.31,-50.21,n,4.7300000000000004,NA,4.73,Binford 2001,84.99,NA,84.99
280,Baffin_Island_Eskimo,NOAM,64.95,-67.1,n,1.26,NA,1.26,"Binford 2001, Kelly 2013",94.99,95,94.995
281,Netsilik_Eskimo,NOAM,71.46,-94.93,n,0.25,0.5,0.375,"Binford 2001, Kelly 2013",74.99,NA,74.99
282,Angmaksalik,NOAM,65.63,-37.63,n,7.7199999999999998,8,7.86,"Binford 2001, Kelly 2013",89.99,80,84.995
283,Tareumiut,NOAM,71.28,-156.72,n,3.8599999999999999,4,3.93,"Binford 2001, Kelly 2013",74.99,NA,74.99
284,Polar_Eskimo,NOAM,77.74,-69.35,n,0.40999999999999998,0.5,0.455,"Binford 2001, Kelly 2013",69.99,50,59.995
285,Borjeno,NOAM,29.43,-114.4,n,NA,37.299999999999997,37.3,Kelly 2013,NA,25,25
286,Bering_Strait_Eskimo,NOAM,65.63,-168.09,n,NA,3.2000000000000002,3.2,Kelly 2013,NA,NA,NA
287,Ahtna,NOAM,61.94,-145.28,n,NA,0.80000000000000004,0.8,Kelly 2013,NA,NA,NA
288,Kolchan,NOAM,61.89,-157.84,n,NA,0.5,0.5,Kelly 2013,NA,NA,NA
289,Yellowknife,NOAM,62.53,-114.31,n,NA,0.20000000000000001,0.2,Kelly 2013,NA,NA,NA
290,Tasmanians_SW,AUS,-43.23,145.82,n,NA,9.3000000000000007,9.3,Kelly 2013,NA,NA,NA
291,Tasmanians_Big_River,AUS,-42.19,146.75,n,NA,4.2999999999999998,4.3,Kelly 2013,NA,NA,NA
292,Murinbata,AUS,-14.58,129.67,n,NA,8,8,Kelly 2013,NA,NA,NA
293,Kongkandji,AUS,-17.08,145.83,n,NA,200,200,Kelly 2013,NA,NA,NA
294,Madjandji-Wanjuru,AUS,-17.33,145.92,n,NA,49,49,Kelly 2013,NA,NA,NA
295,Keramai,AUS,-18.25,145.75,n,NA,29,29,Kelly 2013,NA,NA,NA
296,Idindji,AUS,-17.17,145.75,n,NA,38,38,Kelly 2013,NA,NA,NA
297,Tjapukai-Buluwai,AUS,-16.83,145.5,n,NA,19,19,Kelly 2013,NA,NA,NA
298,Gulngai,AUS,-17.83,145.67,n,NA,60,60,Kelly 2013,NA,NA,NA
299,Djirubal,AUS,-17.67,145.42,n,NA,26,26,Kelly 2013,NA,NA,NA
300,Ngatjan,AUS,-17.33,145.67,n,NA,149,149,Kelly 2013,NA,NA,NA
301,Djiru,AUS,-17.87,146,n,NA,125,125,Kelly 2013,NA,NA,NA
302,Sami_Kemi_region,EURASIA,67.53,27.54,n,NA,0.80000000000000004,0.8,"Itkonen 1948: 130-131, Suomen lappalaiset vuoteen 1945, ensimm?inen osa. WSOY",NA,NA,NA
